clip_id,exercise,source_recording_id,subject_id,parquet_path,video_path,frame_count,n_rows_parquet,fps,duration_in_ms,mean_visibility,folder,heel_lifting,hip_lifting,knee_varus,knee_past_toes,knee_flexion_high,head_lifting,ankles_close_together,back_slouching,back_rocking,path_deviation,label_source,n_labels_active,excluded,excluded_reason
,,,,,,,,,,,,,,,,,,,,,,,,,
heel_slide__good_1,heel_slide,rec_hs_01,1,/home/billa-dakait/Desktop/test/Features/heel slides/specific/good/1.parquet,/home/billa-dakait/Desktop/dataset/Exercise/Heel Slides/Good/IMG_1351.MOV,219,219,29.97,7273,0.784583862154237,good,0,0,0,0,0,0,0,0,0,0,manual,0,0,
heel_slide__good_2,heel_slide,rec_hs_01,1,/home/billa-dakait/Desktop/test/Features/heel slides/specific/good/2.parquet,/home/billa-dakait/Desktop/dataset/Exercise/Heel Slides/Good/IMG_1351.MOV,254,254,29.97,8441,0.78246975250226,good,0,0,0,0,0,0,0,0,0,0,manual,0,0,
heel_slide__good_3,heel_slide,rec_hs_01,1,/home/billa-dakait/Desktop/test/Features/heel slides/specific/good/3.parquet,/home/billa-dakait/Desktop/dataset/Exercise/Heel Slides/Good/IMG_1351.MOV,232,232,29.97,7706,0.787971746769111,good,0,0,0,0,0,0,0,0,0,0,manual,0,0,
heel_slide__good_4,heel_slide,rec_hs_01,1,/home/billa-dakait/Desktop/test/Features/heel slides/specific/good/4.parquet,/home/billa-dakait/Desktop/dataset/Exercise/Heel Slides/Good/IMG_1351.MOV,190,190,29.97,6304,0.795751669366051,good,0,0,0,0,0,0,0,0,0,0,manual,0,0,
heel_slide__good_5,heel_slide,rec_hs_01,1,/home/billa-dakait/Desktop/test/Features/heel slides/specific/good/5.parquet,/home/billa-dakait/Desktop/dataset/Exercise/Heel Slides/Good/IMG_1351.MOV,229,229,29.97,7604,0.793472679819651,good,0,0,0,0,0,0,0,0,0,0,manual,0,0,
heel_slide__bad_1,heel_slide,rec_hs_02,1,/home/billa-dakait/Desktop/test/Features/heel slides/specific/bad/1.parquet,/home/billa-dakait/Desktop/dataset/Exercise/Heel Slides/Bad/IMG_1352.MOV,151,151,29.97,5004,0.789772550406151,bad,1,0,0,0,0,0,0,0,0,0,manual,1,0,
heel_slide__bad_2,heel_slide,rec_hs_02,1,/home/billa-dakait/Desktop/test/Features/heel slides/specific/bad/2.parquet,/home/billa-dakait/Desktop/dataset/Exercise/Heel Slides/Bad/IMG_1352.MOV,129,129,29.97,4269,0.792956215042764,bad,1,0,0,0,0,0,0,0,0,0,manual,1,0,
heel_slide__bad_3,heel_slide,rec_hs_02,1,/home/billa-dakait/Desktop/test/Features/heel slides/specific/bad/3.parquet,/home/billa-dakait/Desktop/dataset/Exercise/Heel Slides/Bad/IMG_1352.MOV,176,176,29.97,5838,0.787822776136278,bad,1,0,0,0,0,0,0,0,0,0,manual,1,0,
heel_slide__bad_4,heel_slide,rec_hs_02,1,/home/billa-dakait/Desktop/test/Features/heel slides/specific/bad/4.parquet,/home/billa-dakait/Desktop/dataset/Exercise/Heel Slides/Bad/IMG_1352.MOV,164,164,29.97,5438,0.788941722466527,bad,1,0,0,0,0,0,0,0,0,0,manual,1,0,
heel_slide__bad_5,heel_slide,rec_hs_02,1,/home/billa-dakait/Desktop/test/Features/heel slides/specific/bad/5.parquet,/home/billa-dakait/Desktop/dataset/Exercise/Heel Slides/Bad/IMG_1352.MOV,193,193,29.97,6404,0.782177730717735,bad,1,0,1,0,0,0,0,0,0,0,manual,1,0,
heel_slide__bad_6,heel_slide,rec_hs_03,1,/home/billa-dakait/Desktop/test/Features/heel slides/specific/bad/exclude/6.parquet,/home/billa-dakait/Desktop/dataset/Exercise/Heel Slides/Bad/IMG_1353.MOV,162,162,29.97,5371,0.813783294887721,bad,0,0,1,0,0,0,0,0,0,0,manual,1,1,varus_valgus_not_trackable_side_view
heel_slide__bad_7,heel_slide,rec_hs_03,1,/home/billa-dakait/Desktop/test/Features/heel slides/specific/bad/exclude/7.parquet,/home/billa-dakait/Desktop/dataset/Exercise/Heel Slides/Bad/IMG_1353.MOV,143,143,29.97,4736,0.801912653739064,bad,0,0,1,0,0,0,0,0,0,0,manual,1,1,varus_valgus_not_trackable_side_view
heel_slide__bad_8,heel_slide,rec_hs_03,1,/home/billa-dakait/Desktop/test/Features/heel slides/specific/bad/exclude/8.parquet,/home/billa-dakait/Desktop/dataset/Exercise/Heel Slides/Bad/IMG_1353.MOV,131,131,29.97,4336,0.805359855138522,bad,0,0,1,0,0,0,0,0,0,0,manual,1,1,varus_valgus_not_trackable_side_view
heel_slide__bad_9,heel_slide,rec_hs_03,1,/home/billa-dakait/Desktop/test/Features/heel slides/specific/bad/exclude/9.parquet,/home/billa-dakait/Desktop/dataset/Exercise/Heel Slides/Bad/IMG_1353.MOV,144,144,29.97,4769,0.793973381923291,bad,0,0,1,0,0,0,0,0,0,0,manual,1,1,varus_valgus_not_trackable_side_view
heel_slide__bad_10,heel_slide,rec_hs_03,1,/home/billa-dakait/Desktop/test/Features/heel slides/specific/bad/exclude/10.parquet,/home/billa-dakait/Desktop/dataset/Exercise/Heel Slides/Bad/IMG_1353.MOV,139,139,29.97,4604,0.794970551834247,bad,0,0,1,0,0,0,0,0,0,0,manual,1,1,varus_valgus_not_trackable_side_view
heel_slide__bad_11,heel_slide,rec_hs_04,1,/home/billa-dakait/Desktop/test/Features/heel slides/specific/bad/11.parquet,/home/billa-dakait/Desktop/dataset/Exercise/Heel Slides/Bad/IMG_1354.MOV,96,96,29.97,3169,0.760257434802869,bad,0,1,0,0,0,0,0,0,0,0,manual,1,0,
heel_slide__bad_12,heel_slide,rec_hs_04,1,/home/billa-dakait/Desktop/test/Features/heel slides/specific/bad/12.parquet,/home/billa-dakait/Desktop/dataset/Exercise/Heel Slides/Bad/IMG_1354.MOV,158,158,29.97,5238,0.752014737417509,bad,0,1,0,0,0,0,0,0,0,0,manual,1,0,
heel_slide__bad_13,heel_slide,rec_hs_04,1,/home/billa-dakait/Desktop/test/Features/heel slides/specific/bad/13.parquet,/home/billa-dakait/Desktop/dataset/Exercise/Heel Slides/Bad/IMG_1354.MOV,123,123,29.97,4069,0.749816504053266,bad,0,1,0,0,0,0,0,0,0,0,manual,1,0,
heel_slide__bad_14,heel_slide,rec_hs_04,1,/home/billa-dakait/Desktop/test/Features/heel slides/specific/bad/14.parquet,/home/billa-dakait/Desktop/dataset/Exercise/Heel Slides/Bad/IMG_1354.MOV,127,127,29.97,4203,0.746419617728659,bad,0,1,0,0,0,0,0,0,0,0,manual,1,0,
heel_slide__bad_15,heel_slide,rec_hs_04,1,/home/billa-dakait/Desktop/test/Features/heel slides/specific/bad/15.parquet,/home/billa-dakait/Desktop/dataset/Exercise/Heel Slides/Bad/IMG_1354.MOV,115,115,29.97,3803,0.749733609059499,bad,0,1,0,0,0,0,0,0,0,0,manual,1,0,
heel_slide__bad_16,heel_slide,rec_hs_04,1,/home/billa-dakait/Desktop/test/Features/heel slides/specific/bad/16.parquet,/home/billa-dakait/Desktop/dataset/Exercise/Heel Slides/Bad/IMG_1354.MOV,149,149,29.97,4938,0.740839432974457,bad,0,1,0,0,0,0,0,0,0,0,manual,1,0,
mini_squat__good_1,mini_squat,rec_ms_01,1,/home/billa-dakait/Desktop/test/Features/mini squat/specific/good/1.parquet,/home/billa-dakait/Desktop/dataset/Exercise/Mini squat/Good/IMG_1369.MOV,42,42,29.97,1366,0.933730181699019,good,0,0,0,0,0,0,0,0,0,0,manual,0,0,
mini_squat__good_2,mini_squat,rec_ms_01,1,/home/billa-dakait/Desktop/test/Features/mini squat/specific/good/2.parquet,/home/billa-dakait/Desktop/dataset/Exercise/Mini squat/Good/IMG_1369.MOV,77,77,29.97,2533,0.950290613500962,good,0,0,0,0,0,0,0,0,0,0,manual,0,0,
mini_squat__good_3,mini_squat,rec_ms_01,1,/home/billa-dakait/Desktop/test/Features/mini squat/specific/good/3.parquet,/home/billa-dakait/Desktop/dataset/Exercise/Mini squat/Good/IMG_1369.MOV,88,88,29.97,2900,0.94199172817889,good,0,0,0,0,0,0,0,0,0,0,manual,0,0,
mini_squat__good_4,mini_squat,rec_ms_01,1,/home/billa-dakait/Desktop/test/Features/mini squat/specific/good/4.parquet,/home/billa-dakait/Desktop/dataset/Exercise/Mini squat/Good/IMG_1369.MOV,71,71,29.97,2333,0.958637404686052,good,0,0,0,0,0,0,0,0,0,0,manual,0,0,
mini_squat__good_5,mini_squat,rec_ms_01,1,/home/billa-dakait/Desktop/test/Features/mini squat/specific/good/5.parquet,/home/billa-dakait/Desktop/dataset/Exercise/Mini squat/Good/IMG_1369.MOV,61,61,29.97,2000,0.952089578461067,good,0,0,0,0,0,0,0,0,0,0,manual,0,0,
mini_squat__good_6,mini_squat,rec_ms_01,1,/home/billa-dakait/Desktop/test/Features/mini squat/specific/good/6.parquet,/home/billa-dakait/Desktop/dataset/Exercise/Mini squat/Good/IMG_1369.MOV,59,59,29.97,1931,0.961615148512718,good,0,0,0,0,0,0,0,0,0,0,manual,0,0,
mini_squat__good_7,mini_squat,rec_ms_02,1,/home/billa-dakait/Desktop/test/Features/mini squat/specific/good/7.parquet,/home/billa-dakait/Desktop/dataset/Exercise/Mini squat/Good/IMG_1370.MOV,72,72,29.97,2366,0.757994183599447,good,0,0,0,0,0,0,0,0,0,0,manual,0,0,
mini_squat__good_8,mini_squat,rec_ms_02,1,/home/billa-dakait/Desktop/test/Features/mini squat/specific/good/8.parquet,/home/billa-dakait/Desktop/dataset/Exercise/Mini squat/Good/IMG_1370.MOV,84,84,29.97,2766,0.771129268928449,good,0,0,0,0,0,0,0,0,0,0,manual,0,0,
mini_squat__good_9,mini_squat,rec_ms_02,1,/home/billa-dakait/Desktop/test/Features/mini squat/specific/good/9.parquet,/home/billa-dakait/Desktop/dataset/Exercise/Mini squat/Good/IMG_1370.MOV,87,87,29.97,2866,0.756987934347238,good,0,0,0,0,0,0,0,0,0,0,manual,0,0,
mini_squat__good_10,mini_squat,rec_ms_02,1,/home/billa-dakait/Desktop/test/Features/mini squat/specific/good/10.parquet,/home/billa-dakait/Desktop/dataset/Exercise/Mini squat/Good/IMG_1370.MOV,70,70,29.97,2300,0.765318401490874,good,0,0,0,0,0,0,0,0,0,0,manual,0,0,
mini_squat__good_11,mini_squat,rec_ms_02,1,/home/billa-dakait/Desktop/test/Features/mini squat/specific/good/11.parquet,/home/billa-dakait/Desktop/dataset/Exercise/Mini squat/Good/IMG_1370.MOV,81,81,29.97,2666,0.779098323439386,good,0,0,0,0,0,0,0,0,0,0,manual,0,0,
mini_squat__bad_1,mini_squat,rec_ms_03,1,/home/billa-dakait/Desktop/test/Features/mini squat/specific/bad/1.parquet,/home/billa-dakait/Desktop/dataset/Exercise/Mini squat/Bad/IMG_1367.MOV,148,148,29.97,4900,0.858920499777008,bad,0,0,0,0,0,0,1,0,0,1,manual,1,0,
mini_squat__bad_2,mini_squat,rec_ms_03,1,/home/billa-dakait/Desktop/test/Features/mini squat/specific/bad/2.parquet,/home/billa-dakait/Desktop/dataset/Exercise/Mini squat/Bad/IMG_1367.MOV,77,77,29.97,2533,0.857972837365879,bad,0,0,0,0,0,0,1,0,0,0,manual,1,0,
mini_squat__bad_3,mini_squat,rec_ms_03,1,/home/billa-dakait/Desktop/test/Features/mini squat/specific/bad/3.parquet,/home/billa-dakait/Desktop/dataset/Exercise/Mini squat/Bad/IMG_1367.MOV,87,87,29.97,2865,0.849130269771916,bad,0,0,0,0,0,0,1,0,0,0,manual,1,0,
mini_squat__bad_4,mini_squat,rec_ms_03,1,/home/billa-dakait/Desktop/test/Features/mini squat/specific/bad/4.parquet,/home/billa-dakait/Desktop/dataset/Exercise/Mini squat/Bad/IMG_1367.MOV,97,97,29.97,3200,0.861139863929649,bad,0,0,0,0,0,0,1,0,0,0,manual,1,0,
mini_squat__bad_5,mini_squat,rec_ms_03,1,/home/billa-dakait/Desktop/test/Features/mini squat/specific/bad/5.parquet,/home/billa-dakait/Desktop/dataset/Exercise/Mini squat/Bad/IMG_1367.MOV,117,117,29.97,3866,0.847171936742816,bad,0,0,0,0,0,0,1,0,0,0,manual,1,0,
mini_squat__bad_6,mini_squat,rec_ms_04,1,/home/billa-dakait/Desktop/test/Features/mini squat/specific/bad/6.parquet,/home/billa-dakait/Desktop/dataset/Exercise/Mini squat/Bad/IMG_1371.MOV,87,87,29.97,2866,0.820869406354356,bad,0,0,0,0,0,0,0,1,0,0,manual,1,0,
mini_squat__bad_7,mini_squat,rec_ms_04,1,/home/billa-dakait/Desktop/test/Features/mini squat/specific/bad/7.parquet,/home/billa-dakait/Desktop/dataset/Exercise/Mini squat/Bad/IMG_1371.MOV,74,74,29.97,2433,0.818880887660919,bad,0,0,0,0,0,0,0,1,0,0,manual,1,0,
mini_squat__bad_8,mini_squat,rec_ms_04,1,/home/billa-dakait/Desktop/test/Features/mini squat/specific/bad/8.parquet,/home/billa-dakait/Desktop/dataset/Exercise/Mini squat/Bad/IMG_1371.MOV,121,121,29.97,4000,0.836610604428369,bad,0,0,0,0,0,0,0,1,0,0,manual,1,0,
mini_squat__bad_9,mini_squat,rec_ms_04,1,/home/billa-dakait/Desktop/test/Features/mini squat/specific/bad/9.parquet,/home/billa-dakait/Desktop/dataset/Exercise/Mini squat/Bad/IMG_1371.MOV,81,81,29.97,2665,0.837018682393205,bad,0,0,0,0,0,0,0,1,0,0,manual,1,0,
mini_squat__bad_10,mini_squat,rec_ms_04,1,/home/billa-dakait/Desktop/test/Features/mini squat/specific/bad/10.parquet,/home/billa-dakait/Desktop/dataset/Exercise/Mini squat/Bad/IMG_1371.MOV,69,69,29.97,2265,0.851981008930077,bad,0,0,0,0,0,0,0,1,0,0,manual,1,0,
mini_squat__bad_11,mini_squat,rec_ms_05,1,/home/billa-dakait/Desktop/test/Features/mini squat/specific/bad/11.parquet,/home/billa-dakait/Desktop/dataset/Exercise/Mini squat/Bad/IMG_1372.MOV,94,94,29.97,3100,0.837149926670842,bad,1,0,0,0,0,0,0,0,0,0,manual,1,0,
mini_squat__bad_12,mini_squat,rec_ms_05,1,/home/billa-dakait/Desktop/test/Features/mini squat/specific/bad/12.parquet,/home/billa-dakait/Desktop/dataset/Exercise/Mini squat/Bad/IMG_1372.MOV,98,98,29.97,3233,0.803204047177436,bad,1,0,0,0,0,0,0,0,0,0,manual,1,0,
mini_squat__bad_13,mini_squat,rec_ms_05,1,/home/billa-dakait/Desktop/test/Features/mini squat/specific/bad/13.parquet,/home/billa-dakait/Desktop/dataset/Exercise/Mini squat/Bad/IMG_1372.MOV,66,66,29.97,2166,0.789216366539221,bad,1,0,0,0,0,0,0,0,0,0,manual,1,0,
mini_squat__bad_14,mini_squat,rec_ms_05,1,/home/billa-dakait/Desktop/test/Features/mini squat/specific/bad/14.parquet,/home/billa-dakait/Desktop/dataset/Exercise/Mini squat/Bad/IMG_1372.MOV,110,110,29.97,3633,0.796375880356539,bad,1,0,0,0,0,0,0,0,0,0,manual,1,0,
mini_squat__bad_15,mini_squat,rec_ms_05,1,/home/billa-dakait/Desktop/test/Features/mini squat/specific/bad/15.parquet,/home/billa-dakait/Desktop/dataset/Exercise/Mini squat/Bad/IMG_1372.MOV,92,92,29.97,3031,0.838051367747415,bad,1,0,0,0,0,0,0,0,0,0,manual,1,0,
mini_squat__bad_16,mini_squat,rec_ms_05,1,/home/billa-dakait/Desktop/test/Features/mini squat/specific/bad/16.parquet,/home/billa-dakait/Desktop/dataset/Exercise/Mini squat/Bad/IMG_1372.MOV,83,83,29.97,2733,0.822946277922057,bad,1,0,0,0,0,0,0,0,0,0,manual,1,0,
mini_squat__bad_17,mini_squat,rec_ms_05,1,/home/billa-dakait/Desktop/test/Features/mini squat/specific/bad/17.parquet,/home/billa-dakait/Desktop/dataset/Exercise/Mini squat/Bad/IMG_1372.MOV,65,65,29.97,2133,0.84482666921296,bad,1,0,0,0,0,0,0,0,0,0,manual,1,0,
mini_squat__bad_18,mini_squat,rec_ms_06,1,/home/billa-dakait/Desktop/test/Features/mini squat/specific/bad/18.parquet,/home/billa-dakait/Desktop/dataset/Exercise/Mini squat/Bad/IMG_1373.MOV,87,87,29.97,2866,0.971553635779925,bad,0,0,0,0,0,0,1,0,0,0,manual,1,0,
mini_squat__bad_19,mini_squat,rec_ms_06,1,/home/billa-dakait/Desktop/test/Features/mini squat/specific/bad/19.parquet,/home/billa-dakait/Desktop/dataset/Exercise/Mini squat/Bad/IMG_1373.MOV,81,81,29.97,2666,0.957267358893542,bad,0,0,0,0,0,0,1,0,0,0,manual,1,0,
mini_squat__bad_20,mini_squat,rec_ms_06,1,/home/billa-dakait/Desktop/test/Features/mini squat/specific/bad/20.parquet,/home/billa-dakait/Desktop/dataset/Exercise/Mini squat/Bad/IMG_1373.MOV,69,69,29.97,2266,0.9449898842714,bad,0,0,0,0,0,0,1,0,0,0,manual,1,0,
mini_squat__bad_21,mini_squat,rec_ms_06,1,/home/billa-dakait/Desktop/test/Features/mini squat/specific/bad/21.parquet,/home/billa-dakait/Desktop/dataset/Exercise/Mini squat/Bad/IMG_1373.MOV,98,98,29.97,3233,0.956168933523313,bad,0,0,0,0,0,0,1,0,0,0,manual,1,0,
mini_squat__bad_22,mini_squat,rec_ms_06,1,/home/billa-dakait/Desktop/test/Features/mini squat/specific/bad/22.parquet,/home/billa-dakait/Desktop/dataset/Exercise/Mini squat/Bad/IMG_1373.MOV,87,87,29.97,2865,0.940993777408454,bad,0,0,0,0,0,0,1,0,0,0,manual,1,0,
mini_squat__bad_23,mini_squat,rec_ms_07,1,/home/billa-dakait/Desktop/test/Features/mini squat/specific/bad/23.parquet,/home/billa-dakait/Desktop/dataset/Exercise/Mini squat/Bad/IMG_1374.MOV,65,65,29.97,2133,0.968004481053297,bad,0,0,1,0,0,0,0,0,0,0,manual,1,0,
mini_squat__bad_24,mini_squat,rec_ms_07,1,/home/billa-dakait/Desktop/test/Features/mini squat/specific/bad/24.parquet,/home/billa-dakait/Desktop/dataset/Exercise/Mini squat/Bad/IMG_1374.MOV,88,88,29.97,2900,0.971564775142952,bad,0,0,1,0,0,0,0,0,0,0,manual,1,0,
mini_squat__bad_25,mini_squat,rec_ms_07,1,/home/billa-dakait/Desktop/test/Features/mini squat/specific/bad/25.parquet,/home/billa-dakait/Desktop/dataset/Exercise/Mini squat/Bad/IMG_1374.MOV,88,88,29.97,2900,0.960683518081657,bad,0,0,1,0,0,0,0,0,0,0,manual,1,0,
mini_squat__bad_26,mini_squat,rec_ms_07,1,/home/billa-dakait/Desktop/test/Features/mini squat/specific/bad/26.parquet,/home/billa-dakait/Desktop/dataset/Exercise/Mini squat/Bad/IMG_1374.MOV,78,78,29.97,2566,0.959224120164529,bad,0,0,1,0,0,0,0,0,0,0,manual,1,0,
mini_squat__bad_27,mini_squat,rec_ms_07,1,/home/billa-dakait/Desktop/test/Features/mini squat/specific/bad/27.parquet,/home/billa-dakait/Desktop/dataset/Exercise/Mini squat/Bad/IMG_1374.MOV,78,78,29.97,2565,0.95783311552379,bad,0,0,1,0,0,0,0,0,0,0,manual,1,0,
mini_squat__bad_28,mini_squat,rec_ms_07,1,/home/billa-dakait/Desktop/test/Features/mini squat/specific/bad/28.parquet,/home/billa-dakait/Desktop/dataset/Exercise/Mini squat/Bad/IMG_1374.MOV,68,68,29.97,2233,0.9550555415332,bad,0,0,1,0,0,0,0,0,0,0,manual,1,0,
mini_squat__bad_29,mini_squat,rec_ms_07,1,/home/billa-dakait/Desktop/test/Features/mini squat/specific/bad/29.parquet,/home/billa-dakait/Desktop/dataset/Exercise/Mini squat/Bad/IMG_1374.MOV,78,78,29.97,2566,0.838536444579619,bad,0,0,1,0,0,0,0,0,0,0,manual,1,0,
mini_squat__bad_30,mini_squat,rec_ms_08,1,/home/billa-dakait/Desktop/test/Features/mini squat/specific/bad/30.parquet,/home/billa-dakait/Desktop/dataset/Exercise/Mini squat/Bad/IMG_1375.MOV,62,62,29.97,2033,0.845196022399913,bad,0,0,0,1,0,0,0,0,0,0,manual,1,0,
mini_squat__bad_31,mini_squat,rec_ms_08,1,/home/billa-dakait/Desktop/test/Features/mini squat/specific/bad/31.parquet,/home/billa-dakait/Desktop/dataset/Exercise/Mini squat/Bad/IMG_1375.MOV,89,89,29.97,2933,0.834300981544702,bad,0,0,0,1,0,0,0,0,0,0,manual,1,0,
mini_squat__bad_32,mini_squat,rec_ms_08,1,/home/billa-dakait/Desktop/test/Features/mini squat/specific/bad/32.parquet,/home/billa-dakait/Desktop/dataset/Exercise/Mini squat/Bad/IMG_1375.MOV,90,90,29.97,2966,0.820768376580292,bad,0,0,0,1,0,0,0,0,0,0,manual,1,0,
mini_squat__bad_33,mini_squat,rec_ms_08,1,/home/billa-dakait/Desktop/test/Features/mini squat/specific/bad/33.parquet,/home/billa-dakait/Desktop/dataset/Exercise/Mini squat/Bad/IMG_1375.MOV,88,88,29.97,2898,0.81912605517567,bad,0,0,0,1,0,0,0,0,0,0,manual,1,0,
mini_squat__bad_34,mini_squat,rec_ms_08,1,/home/billa-dakait/Desktop/test/Features/mini squat/specific/bad/34.parquet,/home/billa-dakait/Desktop/dataset/Exercise/Mini squat/Bad/IMG_1375.MOV,77,77,29.97,2533,0.82902190818157,bad,0,0,0,1,0,0,0,0,0,0,manual,1,0,
ske__good_1,seated_knee_extensions,rec_ske_01,1,/home/billa-dakait/Desktop/test/Features/seated knee extensions/specific/good/1.parquet,/home/billa-dakait/Desktop/dataset/Exercise/Seated Knee Extensions/Good/IMG_1381.MOV,91,91,29.97,3003,0.837409807730725,good,0,0,0,0,0,0,0,0,0,0,manual,0,0,
ske__good_2,seated_knee_extensions,rec_ske_01,1,/home/billa-dakait/Desktop/test/Features/seated knee extensions/specific/good/2.parquet,/home/billa-dakait/Desktop/dataset/Exercise/Seated Knee Extensions/Good/IMG_1381.MOV,75,75,29.97,2469,0.8395656692771,good,0,0,0,0,0,0,0,0,0,0,manual,0,0,
ske__good_3,seated_knee_extensions,rec_ske_01,1,/home/billa-dakait/Desktop/test/Features/seated knee extensions/specific/good/3.parquet,/home/billa-dakait/Desktop/dataset/Exercise/Seated Knee Extensions/Good/IMG_1381.MOV,80,80,29.97,2636,0.839612208989759,good,0,0,0,0,0,0,0,0,0,0,manual,0,0,
ske__good_4,seated_knee_extensions,rec_ske_01,1,/home/billa-dakait/Desktop/test/Features/seated knee extensions/specific/good/4.parquet,/home/billa-dakait/Desktop/dataset/Exercise/Seated Knee Extensions/Good/IMG_1381.MOV,61,61,29.97,2001,0.838413578827791,good,0,0,0,0,0,0,0,0,0,0,manual,0,0,
ske__good_5,seated_knee_extensions,rec_ske_01,1,/home/billa-dakait/Desktop/test/Features/seated knee extensions/specific/good/5.parquet,/home/billa-dakait/Desktop/dataset/Exercise/Seated Knee Extensions/Good/IMG_1381.MOV,74,74,29.97,2434,0.831054944612153,good,0,0,0,0,0,0,0,0,0,0,manual,0,0,
ske__bad_1,seated_knee_extensions,rec_ske_02,1,/home/billa-dakait/Desktop/test/Features/seated knee extensions/specific/bad/1.parquet,/home/billa-dakait/Desktop/dataset/Exercise/Seated Knee Extensions/Bad/IMG_1382.MOV,96,96,29.97,3169,0.848910140880205,bad,0,1,0,0,0,0,0,0,0,0,manual,1,0,
ske__bad_2,seated_knee_extensions,rec_ske_02,1,/home/billa-dakait/Desktop/test/Features/seated knee extensions/specific/bad/2.parquet,/home/billa-dakait/Desktop/dataset/Exercise/Seated Knee Extensions/Bad/IMG_1382.MOV,116,116,29.97,3836,0.850713329117204,bad,0,1,0,0,0,0,0,0,0,0,manual,1,0,
ske__bad_3,seated_knee_extensions,rec_ske_02,1,/home/billa-dakait/Desktop/test/Features/seated knee extensions/specific/bad/3.parquet,/home/billa-dakait/Desktop/dataset/Exercise/Seated Knee Extensions/Bad/IMG_1382.MOV,78,78,29.97,2568,0.802134340549381,bad,0,1,0,0,0,0,0,0,0,0,manual,1,0,
ske__bad_4,seated_knee_extensions,rec_ske_02,1,/home/billa-dakait/Desktop/test/Features/seated knee extensions/specific/bad/4.parquet,/home/billa-dakait/Desktop/dataset/Exercise/Seated Knee Extensions/Bad/IMG_1382.MOV,91,91,29.97,3001,0.79175760230354,bad,0,1,0,0,0,0,0,0,0,0,manual,1,0,
ske__bad_5,seated_knee_extensions,rec_ske_02,1,/home/billa-dakait/Desktop/test/Features/seated knee extensions/specific/bad/5.parquet,/home/billa-dakait/Desktop/dataset/Exercise/Seated Knee Extensions/Bad/IMG_1382.MOV,91,91,29.97,3003,0.775990138622451,bad,0,1,0,0,0,0,0,0,0,0,manual,1,0,
ske__bad_6,seated_knee_extensions,rec_ske_03,1,/home/billa-dakait/Desktop/test/Features/seated knee extensions/specific/bad/6.parquet,/home/billa-dakait/Desktop/dataset/Exercise/Seated Knee Extensions/Bad/IMG_1383.MOV,85,85,29.97,2801,0.811158679337399,bad,0,0,0,0,0,0,0,1,0,0,manual,1,0,
ske__bad_7,seated_knee_extensions,rec_ske_03,1,/home/billa-dakait/Desktop/test/Features/seated knee extensions/specific/bad/7.parquet,/home/billa-dakait/Desktop/dataset/Exercise/Seated Knee Extensions/Bad/IMG_1383.MOV,84,84,29.97,2769,0.806533192344881,bad,0,0,0,0,0,0,0,1,0,0,manual,1,0,
ske__bad_8,seated_knee_extensions,rec_ske_03,1,/home/billa-dakait/Desktop/test/Features/seated knee extensions/specific/bad/8.parquet,/home/billa-dakait/Desktop/dataset/Exercise/Seated Knee Extensions/Bad/IMG_1383.MOV,75,75,29.97,2468,0.800298445592587,bad,0,0,0,0,0,0,0,1,0,0,manual,1,0,
ske__bad_9,seated_knee_extensions,rec_ske_03,1,/home/billa-dakait/Desktop/test/Features/seated knee extensions/specific/bad/9.parquet,/home/billa-dakait/Desktop/dataset/Exercise/Seated Knee Extensions/Bad/IMG_1383.MOV,91,91,29.97,3001,0.80899935404147,bad,0,0,0,0,0,0,0,1,0,0,manual,1,0,
ske__bad_10,seated_knee_extensions,rec_ske_03,1,/home/billa-dakait/Desktop/test/Features/seated knee extensions/specific/bad/10.parquet,/home/billa-dakait/Desktop/dataset/Exercise/Seated Knee Extensions/Bad/IMG_1383.MOV,80,80,29.97,2633,0.808839413980163,bad,0,0,0,0,0,0,0,1,0,0,manual,1,0,
ske__bad_11,seated_knee_extensions,rec_ske_04,1,/home/billa-dakait/Desktop/test/Features/seated knee extensions/specific/bad/11.parquet,/home/billa-dakait/Desktop/dataset/Exercise/Seated Knee Extensions/Bad/IMG_1384.MOV,86,86,29.97,2834,0.857024657954164,bad,0,0,0,0,0,0,0,0,1,0,manual,1,0,
ske__bad_12,seated_knee_extensions,rec_ske_04,1,/home/billa-dakait/Desktop/test/Features/seated knee extensions/specific/bad/12.parquet,/home/billa-dakait/Desktop/dataset/Exercise/Seated Knee Extensions/Bad/IMG_1384.MOV,81,81,29.97,2669,0.864229735183529,bad,0,0,0,0,0,0,0,0,1,0,manual,1,0,
ske__bad_13,seated_knee_extensions,rec_ske_04,1,/home/billa-dakait/Desktop/test/Features/seated knee extensions/specific/bad/13.parquet,/home/billa-dakait/Desktop/dataset/Exercise/Seated Knee Extensions/Bad/IMG_1384.MOV,88,88,29.97,2901,0.871447493853279,bad,0,0,0,0,0,0,0,0,1,0,manual,1,0,
ske__bad_14,seated_knee_extensions,rec_ske_04,1,/home/billa-dakait/Desktop/test/Features/seated knee extensions/specific/bad/14.parquet,/home/billa-dakait/Desktop/dataset/Exercise/Seated Knee Extensions/Bad/IMG_1384.MOV,93,93,29.97,3069,0.868952926191261,bad,0,0,0,0,0,0,0,0,1,0,manual,1,0,
ske__bad_15,seated_knee_extensions,rec_ske_04,1,/home/billa-dakait/Desktop/test/Features/seated knee extensions/specific/bad/15.parquet,/home/billa-dakait/Desktop/dataset/Exercise/Seated Knee Extensions/Bad/IMG_1384.MOV,110,110,29.97,3636,0.857738796209008,bad,0,0,0,0,0,0,0,0,1,0,manual,1,0,
ske__bad_16,seated_knee_extensions,rec_ske_04,1,/home/billa-dakait/Desktop/test/Features/seated knee extensions/specific/bad/16.parquet,/home/billa-dakait/Desktop/dataset/Exercise/Seated Knee Extensions/Bad/IMG_1384.MOV,76,76,29.97,2503,0.875068802202337,bad,0,0,0,0,0,0,0,0,1,0,manual,1,0,
ske__bad_17,seated_knee_extensions,rec_ske_04,1,/home/billa-dakait/Desktop/test/Features/seated knee extensions/specific/bad/17.parquet,/home/billa-dakait/Desktop/dataset/Exercise/Seated Knee Extensions/Bad/IMG_1384.MOV,88,88,29.97,2901,0.859747418281994,bad,0,0,0,0,0,0,0,0,1,0,manual,1,0,
tke__good_1,terminal_knee_extensions,rec_tke_01,1,/home/billa-dakait/Desktop/test/Features/terminal knee extensions/specific/good/1.parquet,/home/billa-dakait/Desktop/dataset/Exercise/Terminal Knee Extension/Good/IMG_1356.MOV,117,117,29.97,3869,0.762223371141271,good,0,0,0,0,0,0,0,0,0,0,manual,0,0,
tke__good_2,terminal_knee_extensions,rec_tke_01,1,/home/billa-dakait/Desktop/test/Features/terminal knee extensions/specific/good/2.parquet,/home/billa-dakait/Desktop/dataset/Exercise/Terminal Knee Extension/Good/IMG_1356.MOV,77,77,29.97,2536,0.768188718615473,good,0,0,0,0,0,0,0,0,0,0,manual,0,0,
tke__good_3,terminal_knee_extensions,rec_tke_01,1,/home/billa-dakait/Desktop/test/Features/terminal knee extensions/specific/good/3.parquet,/home/billa-dakait/Desktop/dataset/Exercise/Terminal Knee Extension/Good/IMG_1356.MOV,94,94,29.97,3103,0.765923410610384,good,0,0,0,0,0,0,0,0,0,0,manual,0,0,
tke__good_4,terminal_knee_extensions,rec_tke_01,1,/home/billa-dakait/Desktop/test/Features/terminal knee extensions/specific/good/4.parquet,/home/billa-dakait/Desktop/dataset/Exercise/Terminal Knee Extension/Good/IMG_1356.MOV,82,82,29.97,2701,0.763570542716324,good,0,0,0,0,0,0,0,0,0,0,manual,0,0,
tke__good_5,terminal_knee_extensions,rec_tke_01,1,/home/billa-dakait/Desktop/test/Features/terminal knee extensions/specific/good/5.parquet,/home/billa-dakait/Desktop/dataset/Exercise/Terminal Knee Extension/Good/IMG_1356.MOV,111,111,29.97,3669,0.772214766721201,good,0,0,0,0,0,0,0,0,0,0,manual,0,0,
tke__bad_1,terminal_knee_extensions,rec_tke_02,1,/home/billa-dakait/Desktop/test/Features/terminal knee extensions/specific/bad/1.parquet,/home/billa-dakait/Desktop/dataset/Exercise/Terminal Knee Extension/Bad/IMG_1357.MOV,137,137,29.97,4536,0.806803646599501,bad,0,1,0,0,0,0,0,0,0,0,manual,1,0,
tke__bad_2,terminal_knee_extensions,rec_tke_02,1,/home/billa-dakait/Desktop/test/Features/terminal knee extensions/specific/bad/2.parquet,/home/billa-dakait/Desktop/dataset/Exercise/Terminal Knee Extension/Bad/IMG_1357.MOV,117,117,29.97,3869,0.809525989095167,bad,0,1,0,0,0,0,0,0,0,0,manual,1,0,
tke__bad_3,terminal_knee_extensions,rec_tke_02,1,/home/billa-dakait/Desktop/test/Features/terminal knee extensions/specific/bad/3.parquet,/home/billa-dakait/Desktop/dataset/Exercise/Terminal Knee Extension/Bad/IMG_1357.MOV,109,109,29.97,3603,0.804600488580271,bad,0,1,0,0,0,0,0,0,0,0,manual,1,0,
tke__bad_4,terminal_knee_extensions,rec_tke_02,1,/home/billa-dakait/Desktop/test/Features/terminal knee extensions/specific/bad/4.parquet,/home/billa-dakait/Desktop/dataset/Exercise/Terminal Knee Extension/Bad/IMG_1357.MOV,111,111,29.97,3669,0.777677166932157,bad,0,1,0,0,0,0,0,0,0,0,manual,1,0,
tke__bad_5,terminal_knee_extensions,rec_tke_02,1,/home/billa-dakait/Desktop/test/Features/terminal knee extensions/specific/bad/5.parquet,/home/billa-dakait/Desktop/dataset/Exercise/Terminal Knee Extension/Bad/IMG_1357.MOV,104,104,29.97,3434,0.790709709608602,bad,0,1,0,0,0,0,0,0,0,0,manual,1,0,
tke__bad_6,terminal_knee_extensions,rec_tke_02,1,/home/billa-dakait/Desktop/test/Features/terminal knee extensions/specific/bad/6.parquet,/home/billa-dakait/Desktop/dataset/Exercise/Terminal Knee Extension/Bad/IMG_1357.MOV,110,110,29.97,3636,0.776877891487819,bad,0,1,0,0,0,0,0,0,0,0,manual,1,0,
slr__good_1,straight_leg_raise,rec_slr_01,1,/home/billa-dakait/Desktop/test/Features/slr/specific/good/1.parquet,/home/billa-dakait/Desktop/dataset/Exercise/SLR/Good/IMG_1358.MOV,101,101,29.97,3336,0.798114275709834,good,0,0,0,0,0,0,0,0,0,0,manual,0,0,
slr__good_2,straight_leg_raise,rec_slr_01,1,/home/billa-dakait/Desktop/test/Features/slr/specific/good/2.parquet,/home/billa-dakait/Desktop/dataset/Exercise/SLR/Good/IMG_1358.MOV,114,114,29.97,3769,0.793333341155507,good,0,0,0,0,0,0,0,0,0,0,manual,0,0,
slr__good_3,straight_leg_raise,rec_slr_01,1,/home/billa-dakait/Desktop/test/Features/slr/specific/good/3.parquet,/home/billa-dakait/Desktop/dataset/Exercise/SLR/Good/IMG_1358.MOV,81,81,29.97,2669,0.805467786812152,good,0,0,0,0,0,0,0,0,0,0,manual,0,0,
slr__good_4,straight_leg_raise,rec_slr_01,1,/home/billa-dakait/Desktop/test/Features/slr/specific/good/4.parquet,/home/billa-dakait/Desktop/dataset/Exercise/SLR/Good/IMG_1358.MOV,111,111,29.97,3669,0.796761992327216,good,0,0,0,0,0,0,0,0,0,0,manual,0,0,
slr__good_5,straight_leg_raise,rec_slr_01,1,/home/billa-dakait/Desktop/test/Features/slr/specific/good/5.parquet,/home/billa-dakait/Desktop/dataset/Exercise/SLR/Good/IMG_1358.MOV,115,115,29.97,3801,0.798396441822059,good,0,0,0,0,0,0,0,0,0,0,manual,0,0,
slr__good_6,straight_leg_raise,rec_slr_02,1,/home/billa-dakait/Desktop/test/Features/slr/specific/good/6.parquet,/home/billa-dakait/Desktop/dataset/Exercise/SLR/Good/IMG_1359.MOV,97,97,29.97,3203,0.803093814470575,good,0,0,0,0,0,0,0,0,0,0,manual,0,0,
slr__good_7,straight_leg_raise,rec_slr_02,1,/home/billa-dakait/Desktop/test/Features/slr/specific/good/7.parquet,/home/billa-dakait/Desktop/dataset/Exercise/SLR/Good/IMG_1359.MOV,102,102,29.97,3369,0.804096736641965,good,0,0,0,0,0,0,0,0,0,0,manual,0,0,
slr__good_8,straight_leg_raise,rec_slr_02,1,/home/billa-dakait/Desktop/test/Features/slr/specific/good/8.parquet,/home/billa-dakait/Desktop/dataset/Exercise/SLR/Good/IMG_1359.MOV,107,107,29.97,3536,0.800167829371172,good,0,0,0,0,0,0,0,0,0,0,manual,0,0,
slr__good_9,straight_leg_raise,rec_slr_02,1,/home/billa-dakait/Desktop/test/Features/slr/specific/good/9.parquet,/home/billa-dakait/Desktop/dataset/Exercise/SLR/Good/IMG_1359.MOV,104,104,29.97,3436,0.806995046660163,good,0,0,0,0,0,0,0,0,0,0,manual,0,0,
slr__good_10,straight_leg_raise,rec_slr_02,1,/home/billa-dakait/Desktop/test/Features/slr/specific/good/10.parquet,/home/billa-dakait/Desktop/dataset/Exercise/SLR/Good/IMG_1359.MOV,93,93,29.97,3068,0.807495513674492,good,0,0,0,0,0,0,0,0,0,0,manual,0,0,
slr__bad_01,straight_leg_raise,rec_slr_03,1,/home/billa-dakait/Desktop/test/Features/slr/specific/bad/1.parquet,/home/billa-dakait/Desktop/dataset/Exercise/SLR/Bad/IMG_1377.MOV,209,209,29.97,6938,0.830092452705699,bad,0,0,0,0,1,0,0,0,0,0,manual,1,0,
slr__bad_02,straight_leg_raise,rec_slr_03,1,/home/billa-dakait/Desktop/test/Features/slr/specific/bad/4.parquet,/home/billa-dakait/Desktop/dataset/Exercise/SLR/Bad/IMG_1377.MOV,135,135,29.97,4469,0.822519596961017,bad,0,0,0,0,1,0,0,0,0,0,manual,1,0,
slr__bad_03,straight_leg_raise,rec_slr_03,1,/home/billa-dakait/Desktop/test/Features/slr/specific/bad/7.parquet,/home/billa-dakait/Desktop/dataset/Exercise/SLR/Bad/IMG_1377.MOV,132,132,29.97,4369,0.817187675753131,bad,0,0,0,0,1,0,0,0,0,0,manual,1,0,
slr__bad_04,straight_leg_raise,rec_slr_03,1,/home/billa-dakait/Desktop/test/Features/slr/specific/bad/9.parquet,/home/billa-dakait/Desktop/dataset/Exercise/SLR/Bad/IMG_1377.MOV,121,121,29.97,4003,0.815888887264521,bad,0,0,0,0,1,0,0,0,0,0,manual,1,0,
slr__bad_05,straight_leg_raise,rec_slr_03,1,/home/billa-dakait/Desktop/test/Features/slr/specific/bad/10.parquet,/home/billa-dakait/Desktop/dataset/Exercise/SLR/Bad/IMG_1377.MOV,117,117,29.97,3869,0.812969214388581,bad,0,0,0,0,1,0,0,0,0,0,manual,1,0,
slr__bad_06,straight_leg_raise,rec_slr_04,1,/home/billa-dakait/Desktop/test/Features/slr/specific/bad/14.parquet,/home/billa-dakait/Desktop/dataset/Exercise/SLR/Bad/IMG_1378.MOV,123,123,29.97,4069,0.824651372619375,bad,0,0,0,0,1,0,0,0,0,0,manual,1,0,
slr__bad_07,straight_leg_raise,rec_slr_04,1,/home/billa-dakait/Desktop/test/Features/slr/specific/bad/17.parquet,/home/billa-dakait/Desktop/dataset/Exercise/SLR/Bad/IMG_1378.MOV,140,140,29.97,4636,0.801502835929587,bad,0,0,0,0,1,0,0,0,0,0,manual,1,0,
slr__bad_08,straight_leg_raise,rec_slr_04,1,/home/billa-dakait/Desktop/test/Features/slr/specific/bad/19.parquet,/home/billa-dakait/Desktop/dataset/Exercise/SLR/Bad/IMG_1378.MOV,102,102,29.97,3369,0.814643956577091,bad,0,0,0,0,1,0,0,0,0,0,manual,1,0,
slr__bad_09,straight_leg_raise,rec_slr_04,1,/home/billa-dakait/Desktop/test/Features/slr/specific/bad/21.parquet,/home/billa-dakait/Desktop/dataset/Exercise/SLR/Bad/IMG_1378.MOV,131,131,29.97,4336,0.807659898635283,bad,0,0,0,0,1,0,0,0,0,0,manual,1,0,
slr__bad_10,straight_leg_raise,rec_slr_04,1,/home/billa-dakait/Desktop/test/Features/slr/specific/bad/23.parquet,/home/billa-dakait/Desktop/dataset/Exercise/SLR/Bad/IMG_1378.MOV,117,117,29.97,3869,0.813690737333188,bad,0,0,0,0,1,0,0,0,0,0,manual,1,0,
slr__bad_11,straight_leg_raise,rec_slr_05,1,/home/billa-dakait/Desktop/test/Features/slr/specific/bad/25.parquet,/home/billa-dakait/Desktop/dataset/Exercise/SLR/Bad/IMG_1379.MOV,128,128,29.97,4236,0.824540047591599,bad,0,0,0,0,1,0,0,0,0,0,manual,1,0,
slr__bad_12,straight_leg_raise,rec_slr_05,1,/home/billa-dakait/Desktop/test/Features/slr/specific/bad/28.parquet,/home/billa-dakait/Desktop/dataset/Exercise/SLR/Bad/IMG_1379.MOV,134,134,29.97,4436,0.827857557574455,bad,0,0,0,0,1,0,0,0,0,0,manual,1,0,
slr__bad_13,straight_leg_raise,rec_slr_05,1,/home/billa-dakait/Desktop/test/Features/slr/specific/bad/30.parquet,/home/billa-dakait/Desktop/dataset/Exercise/SLR/Bad/IMG_1379.MOV,108,108,29.97,3569,0.831483786779599,bad,0,0,0,0,1,0,0,0,0,0,manual,1,0,
slr__bad_14,straight_leg_raise,rec_slr_05,1,/home/billa-dakait/Desktop/test/Features/slr/specific/bad/32.parquet,/home/billa-dakait/Desktop/dataset/Exercise/SLR/Bad/IMG_1379.MOV,134,134,29.97,4438,0.827304154405436,bad,0,0,0,0,1,0,0,0,0,0,manual,1,0,
slr__bad_15,straight_leg_raise,rec_slr_05,1,/home/billa-dakait/Desktop/test/Features/slr/specific/bad/34.parquet,/home/billa-dakait/Desktop/dataset/Exercise/SLR/Bad/IMG_1379.MOV,121,121,29.97,4003,0.827663163922148,bad,0,0,0,0,1,0,0,0,0,0,manual,1,0,
slr__bad_16,straight_leg_raise,rec_slr_06,1,/home/billa-dakait/Desktop/test/Features/slr/specific/bad/37.parquet,/home/billa-dakait/Desktop/dataset/Exercise/SLR/Bad/IMG_1380.MOV,152,152,29.97,5038,0.826555513119287,bad,0,0,0,0,1,0,0,0,0,0,manual,1,0,
slr__bad_17,straight_leg_raise,rec_slr_06,1,/home/billa-dakait/Desktop/test/Features/slr/specific/bad/40.parquet,/home/billa-dakait/Desktop/dataset/Exercise/SLR/Bad/IMG_1380.MOV,130,130,29.97,4303,0.830195617519801,bad,0,0,0,0,1,0,0,0,0,0,manual,1,0,
slr__bad_18,straight_leg_raise,rec_slr_06,1,/home/billa-dakait/Desktop/test/Features/slr/specific/bad/41.parquet,/home/billa-dakait/Desktop/dataset/Exercise/SLR/Bad/IMG_1380.MOV,129,129,29.97,4269,0.826450424188989,bad,0,0,0,0,1,0,0,0,0,0,manual,1,0,
slr__bad_19,straight_leg_raise,rec_slr_06,1,/home/billa-dakait/Desktop/test/Features/slr/specific/bad/44.parquet,/home/billa-dakait/Desktop/dataset/Exercise/SLR/Bad/IMG_1380.MOV,116,116,29.97,3836,0.827273723046644,bad,0,0,0,0,1,0,0,0,0,0,manual,1,0,
slr__bad_20,straight_leg_raise,rec_slr_06,1,/home/billa-dakait/Desktop/test/Features/slr/specific/bad/46.parquet,/home/billa-dakait/Desktop/dataset/Exercise/SLR/Bad/IMG_1380.MOV,114,114,29.97,3769,0.828712537918009,bad,0,0,0,0,1,0,0,0,0,0,manual,1,0,
slr__bad_21,straight_leg_raise,rec_slr_07,1,/home/billa-dakait/Desktop/test/Features/slr/specific/bad/2.parquet,/home/billa-dakait/Desktop/dataset/Exercise/SLR/Bad/IMG_1360.MOV,124,124,29.97,4103,0.779787518466638,bad,0,1,0,0,0,0,0,0,0,0,manual,1,0,
slr__bad_22,straight_leg_raise,rec_slr_07,1,/home/billa-dakait/Desktop/test/Features/slr/specific/bad/3.parquet,/home/billa-dakait/Desktop/dataset/Exercise/SLR/Bad/IMG_1360.MOV,110,110,29.97,3636,0.785872844204861,bad,0,1,0,0,0,0,0,0,0,0,manual,1,0,
slr__bad_23,straight_leg_raise,rec_slr_07,1,/home/billa-dakait/Desktop/test/Features/slr/specific/bad/5.parquet,/home/billa-dakait/Desktop/dataset/Exercise/SLR/Bad/IMG_1360.MOV,101,101,29.97,3336,0.807879928437149,bad,0,1,0,0,0,0,0,0,0,0,manual,1,0,
slr__bad_24,straight_leg_raise,rec_slr_07,1,/home/billa-dakait/Desktop/test/Features/slr/specific/bad/6.parquet,/home/billa-dakait/Desktop/dataset/Exercise/SLR/Bad/IMG_1360.MOV,106,106,29.97,3503,0.807124820789732,bad,0,1,0,0,0,0,0,0,0,0,manual,1,0,
slr__bad_25,straight_leg_raise,rec_slr_07,1,/home/billa-dakait/Desktop/test/Features/slr/specific/bad/8.parquet,/home/billa-dakait/Desktop/dataset/Exercise/SLR/Bad/IMG_1360.MOV,83,83,29.97,2736,0.805170207138521,bad,0,1,0,0,0,0,0,0,0,0,manual,1,0,
slr__bad_26,straight_leg_raise,rec_slr_08,1,/home/billa-dakait/Desktop/test/Features/slr/specific/bad/11.parquet,/home/billa-dakait/Desktop/dataset/Exercise/SLR/Bad/IMG_1362.MOV,103,103,29.97,3403,0.739797848723755,bad,0,1,0,0,0,0,0,0,0,0,manual,1,0,
slr__bad_27,straight_leg_raise,rec_slr_08,1,/home/billa-dakait/Desktop/test/Features/slr/specific/bad/12.parquet,/home/billa-dakait/Desktop/dataset/Exercise/SLR/Bad/IMG_1362.MOV,106,106,29.97,3503,0.745899302392784,bad,0,1,0,0,0,0,0,0,0,0,manual,1,0,
slr__bad_28,straight_leg_raise,rec_slr_08,1,/home/billa-dakait/Desktop/test/Features/slr/specific/bad/13.parquet,/home/billa-dakait/Desktop/dataset/Exercise/SLR/Bad/IMG_1362.MOV,78,78,29.97,2568,0.755636742763043,bad,0,1,0,0,0,0,0,0,0,0,manual,1,0,
slr__bad_29,straight_leg_raise,rec_slr_08,1,/home/billa-dakait/Desktop/test/Features/slr/specific/bad/15.parquet,/home/billa-dakait/Desktop/dataset/Exercise/SLR/Bad/IMG_1362.MOV,70,70,29.97,2303,0.754851745570772,bad,0,1,0,0,0,0,0,0,0,0,manual,1,0,
slr__bad_30,straight_leg_raise,rec_slr_08,1,/home/billa-dakait/Desktop/test/Features/slr/specific/bad/16.parquet,/home/billa-dakait/Desktop/dataset/Exercise/SLR/Bad/IMG_1362.MOV,91,91,29.97,3003,0.750840799676693,bad,0,1,0,0,0,0,0,0,0,0,manual,1,0,
slr__bad_31,straight_leg_raise,rec_slr_08,1,/home/billa-dakait/Desktop/test/Features/slr/specific/bad/18.parquet,/home/billa-dakait/Desktop/dataset/Exercise/SLR/Bad/IMG_1362.MOV,91,91,29.97,3001,0.746765364158934,bad,0,1,0,0,0,0,0,0,0,0,manual,1,0,
slr__bad_32,straight_leg_raise,rec_slr_09,1,/home/billa-dakait/Desktop/test/Features/slr/specific/bad/20.parquet,/home/billa-dakait/Desktop/dataset/Exercise/SLR/Bad/IMG_1363.MOV,110,110,29.97,3636,0.773369709900952,bad,0,1,0,0,0,0,0,0,0,0,manual,1,0,
slr__bad_33,straight_leg_raise,rec_slr_09,1,/home/billa-dakait/Desktop/test/Features/slr/specific/bad/22.parquet,/home/billa-dakait/Desktop/dataset/Exercise/SLR/Bad/IMG_1363.MOV,97,97,29.97,3201,0.769019252601653,bad,0,1,0,0,0,0,0,0,0,0,manual,1,0,
slr__bad_34,straight_leg_raise,rec_slr_09,1,/home/billa-dakait/Desktop/test/Features/slr/specific/bad/24.parquet,/home/billa-dakait/Desktop/dataset/Exercise/SLR/Bad/IMG_1363.MOV,100,100,29.97,3303,0.759953821198027,bad,0,1,0,0,0,0,0,0,0,0,manual,1,0,
slr__bad_35,straight_leg_raise,rec_slr_09,1,/home/billa-dakait/Desktop/test/Features/slr/specific/bad/26.parquet,/home/billa-dakait/Desktop/dataset/Exercise/SLR/Bad/IMG_1363.MOV,125,125,29.97,4136,0.76115255478064,bad,0,1,0,0,0,0,0,0,0,0,manual,1,0,
slr__bad_36,straight_leg_raise,rec_slr_09,1,/home/billa-dakait/Desktop/test/Features/slr/specific/bad/27.parquet,/home/billa-dakait/Desktop/dataset/Exercise/SLR/Bad/IMG_1363.MOV,113,113,29.97,3736,0.760709612376748,bad,0,1,0,0,0,0,0,0,0,0,manual,1,0,
slr__bad_37,straight_leg_raise,rec_slr_09,1,/home/billa-dakait/Desktop/test/Features/slr/specific/bad/29.parquet,/home/billa-dakait/Desktop/dataset/Exercise/SLR/Bad/IMG_1363.MOV,89,89,29.97,2936,0.764179703308388,bad,0,1,0,0,0,0,0,0,0,0,manual,1,0,
slr__bad_38,straight_leg_raise,rec_slr_10,1,/home/billa-dakait/Desktop/test/Features/slr/specific/bad/31.parquet,/home/billa-dakait/Desktop/dataset/Exercise/SLR/Bad/IMG_1364.MOV,105,105,29.97,3469,0.746706603432321,bad,0,0,0,0,0,1,0,0,0,0,manual,1,0,
slr__bad_39,straight_leg_raise,rec_slr_10,1,/home/billa-dakait/Desktop/test/Features/slr/specific/bad/33.parquet,/home/billa-dakait/Desktop/dataset/Exercise/SLR/Bad/IMG_1364.MOV,70,70,29.97,2301,0.765663011741191,bad,0,0,0,0,0,1,0,0,0,0,manual,1,0,
slr__bad_40,straight_leg_raise,rec_slr_10,1,/home/billa-dakait/Desktop/test/Features/slr/specific/bad/35.parquet,/home/billa-dakait/Desktop/dataset/Exercise/SLR/Bad/IMG_1364.MOV,91,91,29.97,3001,0.750759924393671,bad,0,0,0,0,0,1,0,0,0,0,manual,1,0,
slr__bad_41,straight_leg_raise,rec_slr_10,1,/home/billa-dakait/Desktop/test/Features/slr/specific/bad/36.parquet,/home/billa-dakait/Desktop/dataset/Exercise/SLR/Bad/IMG_1364.MOV,82,82,29.97,2703,0.769629340606459,bad,0,0,0,0,0,1,0,0,0,0,manual,1,0,
slr__bad_42,straight_leg_raise,rec_slr_10,1,/home/billa-dakait/Desktop/test/Features/slr/specific/bad/38.parquet,/home/billa-dakait/Desktop/dataset/Exercise/SLR/Bad/IMG_1364.MOV,70,70,29.97,2303,0.773862470957769,bad,0,0,0,0,0,1,0,0,0,0,manual,1,0,
slr__bad_43,straight_leg_raise,rec_slr_10,1,/home/billa-dakait/Desktop/test/Features/slr/specific/bad/39.parquet,/home/billa-dakait/Desktop/dataset/Exercise/SLR/Bad/IMG_1364.MOV,88,88,29.97,2903,0.762199465189493,bad,0,0,0,0,0,1,0,0,0,0,manual,1,0,
slr__bad_44,straight_leg_raise,rec_slr_11,1,/home/billa-dakait/Desktop/test/Features/slr/specific/bad/42.parquet,/home/billa-dakait/Desktop/dataset/Exercise/SLR/Bad/IMG_1365.MOV,100,100,29.97,3303,0.78699859237383,bad,0,0,0,0,0,1,0,0,0,0,manual,1,0,
slr__bad_45,straight_leg_raise,rec_slr_11,1,/home/billa-dakait/Desktop/test/Features/slr/specific/bad/43.parquet,/home/billa-dakait/Desktop/dataset/Exercise/SLR/Bad/IMG_1365.MOV,87,87,29.97,2869,0.779910805503371,bad,0,0,0,0,0,1,0,0,0,0,manual,1,0,
slr__bad_46,straight_leg_raise,rec_slr_11,1,/home/billa-dakait/Desktop/test/Features/slr/specific/bad/45.parquet,/home/billa-dakait/Desktop/dataset/Exercise/SLR/Bad/IMG_1365.MOV,76,76,29.97,2501,0.789380769433503,bad,0,0,0,0,0,1,0,0,0,0,manual,1,0,
slr__bad_47,straight_leg_raise,rec_slr_11,1,/home/billa-dakait/Desktop/test/Features/slr/specific/bad/47.parquet,/home/billa-dakait/Desktop/dataset/Exercise/SLR/Bad/IMG_1365.MOV,89,89,29.97,2934,0.786391791899552,bad,0,0,0,0,0,1,0,0,0,0,manual,1,0,
slr__bad_48,straight_leg_raise,rec_slr_11,1,/home/billa-dakait/Desktop/test/Features/slr/specific/bad/48.parquet,/home/billa-dakait/Desktop/dataset/Exercise/SLR/Bad/IMG_1365.MOV,81,81,29.97,2668,0.785579348389781,bad,0,0,0,0,0,1,0,0,0,0,manual,1,0,
slr__bad_49,straight_leg_raise,rec_slr_12,1,/home/billa-dakait/Desktop/test/Features/slr/specific/bad/49.parquet,/home/billa-dakait/Desktop/dataset/Exercise/SLR/Bad/IMG_1366.MOV,99,99,29.97,3269,0.807421483639097,bad,0,0,0,0,0,1,0,0,0,0,manual,1,0,
slr__bad_50,straight_leg_raise,rec_slr_12,1,/home/billa-dakait/Desktop/test/Features/slr/specific/bad/50.parquet,/home/billa-dakait/Desktop/dataset/Exercise/SLR/Bad/IMG_1366.MOV,83,83,29.97,2736,0.809545321375072,bad,0,0,0,0,0,1,0,0,0,0,manual,1,0,
slr__bad_51,straight_leg_raise,rec_slr_12,1,/home/billa-dakait/Desktop/test/Features/slr/specific/bad/51.parquet,/home/billa-dakait/Desktop/dataset/Exercise/SLR/Bad/IMG_1366.MOV,77,77,29.97,2534,0.803821718381826,bad,0,0,0,0,0,1,0,0,0,0,manual,1,0,
slr__bad_52,straight_leg_raise,rec_slr_12,1,/home/billa-dakait/Desktop/test/Features/slr/specific/bad/52.parquet,/home/billa-dakait/Desktop/dataset/Exercise/SLR/Bad/IMG_1366.MOV,78,78,29.97,2568,0.816770048500867,bad,0,0,0,0,0,1,0,0,0,0,manual,1,0,
slr__bad_53,straight_leg_raise,rec_slr_12,1,/home/billa-dakait/Desktop/test/Features/slr/specific/bad/53.parquet,/home/billa-dakait/Desktop/dataset/Exercise/SLR/Bad/IMG_1366.MOV,72,72,29.97,2369,0.845930301944917,bad,0,0,0,0,0,1,0,0,0,0,manual,1,0,
slr__bad_54,straight_leg_raise,rec_slr_12,1,/home/billa-dakait/Desktop/test/Features/slr/specific/bad/54.parquet,/home/billa-dakait/Desktop/dataset/Exercise/SLR/Bad/IMG_1366.MOV,87,87,29.97,2869,0.813493699972683,bad,0,0,0,0,0,1,0,0,0,0,manual,1,0,
