clip_id,parquet_path,frame_count,n_rows_parquet,duration_ms,mean_visibility,frame_gap,error
1,/home/billa-dakait/Desktop/test/Features/slr/specific/bad/1.parquet,209,209,6938,0.830092452705699,0,
2,/home/billa-dakait/Desktop/test/Features/slr/specific/bad/2.parquet,124,124,4103,0.779787518466638,0,
3,/home/billa-dakait/Desktop/test/Features/slr/specific/bad/3.parquet,110,110,3636,0.785872844204861,0,
4,/home/billa-dakait/Desktop/test/Features/slr/specific/bad/4.parquet,135,135,4469,0.822519596961017,0,
5,/home/billa-dakait/Desktop/test/Features/slr/specific/bad/5.parquet,101,101,3336,0.807879928437149,0,
6,/home/billa-dakait/Desktop/test/Features/slr/specific/bad/6.parquet,106,106,3503,0.807124820789732,0,
7,/home/billa-dakait/Desktop/test/Features/slr/specific/bad/7.parquet,132,132,4369,0.817187675753131,0,
8,/home/billa-dakait/Desktop/test/Features/slr/specific/bad/8.parquet,83,83,2736,0.805170207138521,0,
9,/home/billa-dakait/Desktop/test/Features/slr/specific/bad/9.parquet,121,121,4003,0.815888887264521,0,
10,/home/billa-dakait/Desktop/test/Features/slr/specific/bad/10.parquet,117,117,3869,0.812969214388581,0,
11,/home/billa-dakait/Desktop/test/Features/slr/specific/bad/11.parquet,103,103,3403,0.739797848723755,0,
12,/home/billa-dakait/Desktop/test/Features/slr/specific/bad/12.parquet,106,106,3503,0.745899302392784,0,
13,/home/billa-dakait/Desktop/test/Features/slr/specific/bad/13.parquet,78,78,2568,0.755636742763043,0,
14,/home/billa-dakait/Desktop/test/Features/slr/specific/bad/14.parquet,123,123,4069,0.824651372619375,0,
15,/home/billa-dakait/Desktop/test/Features/slr/specific/bad/15.parquet,70,70,2303,0.754851745570772,0,
16,/home/billa-dakait/Desktop/test/Features/slr/specific/bad/16.parquet,91,91,3003,0.750840799676693,0,
17,/home/billa-dakait/Desktop/test/Features/slr/specific/bad/17.parquet,140,140,4636,0.801502835929587,0,
18,/home/billa-dakait/Desktop/test/Features/slr/specific/bad/18.parquet,91,91,3001,0.746765364158934,0,
19,/home/billa-dakait/Desktop/test/Features/slr/specific/bad/19.parquet,102,102,3369,0.814643956577091,0,
20,/home/billa-dakait/Desktop/test/Features/slr/specific/bad/20.parquet,110,110,3636,0.773369709900952,0,
21,/home/billa-dakait/Desktop/test/Features/slr/specific/bad/21.parquet,131,131,4336,0.807659898635283,0,
22,/home/billa-dakait/Desktop/test/Features/slr/specific/bad/22.parquet,97,97,3201,0.769019252601653,0,
23,/home/billa-dakait/Desktop/test/Features/slr/specific/bad/23.parquet,117,117,3869,0.813690737333188,0,
24,/home/billa-dakait/Desktop/test/Features/slr/specific/bad/24.parquet,100,100,3303,0.759953821198027,0,
25,/home/billa-dakait/Desktop/test/Features/slr/specific/bad/25.parquet,128,128,4236,0.824540047591599,0,
26,/home/billa-dakait/Desktop/test/Features/slr/specific/bad/26.parquet,125,125,4136,0.76115255478064,0,
27,/home/billa-dakait/Desktop/test/Features/slr/specific/bad/27.parquet,113,113,3736,0.760709612376748,0,
28,/home/billa-dakait/Desktop/test/Features/slr/specific/bad/28.parquet,134,134,4436,0.827857557574455,0,
29,/home/billa-dakait/Desktop/test/Features/slr/specific/bad/29.parquet,89,89,2936,0.764179703308388,0,
30,/home/billa-dakait/Desktop/test/Features/slr/specific/bad/30.parquet,108,108,3569,0.831483786779599,0,
31,/home/billa-dakait/Desktop/test/Features/slr/specific/bad/31.parquet,105,105,3469,0.746706603432321,0,
32,/home/billa-dakait/Desktop/test/Features/slr/specific/bad/32.parquet,134,134,4438,0.827304154405436,0,
33,/home/billa-dakait/Desktop/test/Features/slr/specific/bad/33.parquet,70,70,2301,0.765663011741191,0,
34,/home/billa-dakait/Desktop/test/Features/slr/specific/bad/34.parquet,121,121,4003,0.827663163922148,0,
35,/home/billa-dakait/Desktop/test/Features/slr/specific/bad/35.parquet,91,91,3001,0.750759924393671,0,
36,/home/billa-dakait/Desktop/test/Features/slr/specific/bad/36.parquet,82,82,2703,0.769629340606459,0,
37,/home/billa-dakait/Desktop/test/Features/slr/specific/bad/37.parquet,152,152,5038,0.826555513119287,0,
38,/home/billa-dakait/Desktop/test/Features/slr/specific/bad/38.parquet,70,70,2303,0.773862470957769,0,
39,/home/billa-dakait/Desktop/test/Features/slr/specific/bad/39.parquet,88,88,2903,0.762199465189493,0,
40,/home/billa-dakait/Desktop/test/Features/slr/specific/bad/40.parquet,130,130,4303,0.830195617519801,0,
41,/home/billa-dakait/Desktop/test/Features/slr/specific/bad/41.parquet,129,129,4269,0.826450424188989,0,
42,/home/billa-dakait/Desktop/test/Features/slr/specific/bad/42.parquet,100,100,3303,0.78699859237383,0,
43,/home/billa-dakait/Desktop/test/Features/slr/specific/bad/43.parquet,87,87,2869,0.779910805503371,0,
44,/home/billa-dakait/Desktop/test/Features/slr/specific/bad/44.parquet,116,116,3836,0.827273723046644,0,
45,/home/billa-dakait/Desktop/test/Features/slr/specific/bad/45.parquet,76,76,2501,0.789380769433503,0,
46,/home/billa-dakait/Desktop/test/Features/slr/specific/bad/46.parquet,114,114,3769,0.828712537918009,0,
47,/home/billa-dakait/Desktop/test/Features/slr/specific/bad/47.parquet,89,89,2934,0.786391791899552,0,
48,/home/billa-dakait/Desktop/test/Features/slr/specific/bad/48.parquet,81,81,2668,0.785579348389781,0,
49,/home/billa-dakait/Desktop/test/Features/slr/specific/bad/49.parquet,99,99,3269,0.807421483639097,0,
50,/home/billa-dakait/Desktop/test/Features/slr/specific/bad/50.parquet,83,83,2736,0.809545321375072,0,
51,/home/billa-dakait/Desktop/test/Features/slr/specific/bad/51.parquet,77,77,2534,0.803821718381826,0,
52,/home/billa-dakait/Desktop/test/Features/slr/specific/bad/52.parquet,78,78,2568,0.816770048500867,0,
53,/home/billa-dakait/Desktop/test/Features/slr/specific/bad/53.parquet,72,72,2369,0.845930301944917,0,
54,/home/billa-dakait/Desktop/test/Features/slr/specific/bad/54.parquet,87,87,2869,0.813493699972683,0,
,,,,,,,
,,,,,,,
,,,,,,,
,,,,,,,
,,,,,,,
,,,,,,,
,,,,,,,
,,,,,,,
1,/home/billa-dakait/Desktop/test/Features/slr/specific/bad/1.parquet,209,209,6938,0.830092452705699,0,
4,/home/billa-dakait/Desktop/test/Features/slr/specific/bad/4.parquet,135,135,4469,0.822519596961017,0,
7,/home/billa-dakait/Desktop/test/Features/slr/specific/bad/7.parquet,132,132,4369,0.817187675753131,0,
9,/home/billa-dakait/Desktop/test/Features/slr/specific/bad/9.parquet,121,121,4003,0.815888887264521,0,
10,/home/billa-dakait/Desktop/test/Features/slr/specific/bad/10.parquet,117,117,3869,0.812969214388581,0,
,,,,,,,
14,/home/billa-dakait/Desktop/test/Features/slr/specific/bad/14.parquet,123,123,4069,0.824651372619375,0,
17,/home/billa-dakait/Desktop/test/Features/slr/specific/bad/17.parquet,140,140,4636,0.801502835929587,0,
19,/home/billa-dakait/Desktop/test/Features/slr/specific/bad/19.parquet,102,102,3369,0.814643956577091,0,
21,/home/billa-dakait/Desktop/test/Features/slr/specific/bad/21.parquet,131,131,4336,0.807659898635283,0,
23,/home/billa-dakait/Desktop/test/Features/slr/specific/bad/23.parquet,117,117,3869,0.813690737333188,0,
,,,,,,,
,,,,,,,
25,/home/billa-dakait/Desktop/test/Features/slr/specific/bad/25.parquet,128,128,4236,0.824540047591599,0,
28,/home/billa-dakait/Desktop/test/Features/slr/specific/bad/28.parquet,134,134,4436,0.827857557574455,0,
30,/home/billa-dakait/Desktop/test/Features/slr/specific/bad/30.parquet,108,108,3569,0.831483786779599,0,
32,/home/billa-dakait/Desktop/test/Features/slr/specific/bad/32.parquet,134,134,4438,0.827304154405436,0,
34,/home/billa-dakait/Desktop/test/Features/slr/specific/bad/34.parquet,121,121,4003,0.827663163922148,0,
,,,,,,,
37,/home/billa-dakait/Desktop/test/Features/slr/specific/bad/37.parquet,152,152,5038,0.826555513119287,0,
40,/home/billa-dakait/Desktop/test/Features/slr/specific/bad/40.parquet,130,130,4303,0.830195617519801,0,
41,/home/billa-dakait/Desktop/test/Features/slr/specific/bad/41.parquet,129,129,4269,0.826450424188989,0,
44,/home/billa-dakait/Desktop/test/Features/slr/specific/bad/44.parquet,116,116,3836,0.827273723046644,0,
46,/home/billa-dakait/Desktop/test/Features/slr/specific/bad/46.parquet,114,114,3769,0.828712537918009,0,
,,,,,,,
2,/home/billa-dakait/Desktop/test/Features/slr/specific/bad/2.parquet,124,124,4103,0.779787518466638,0,
3,/home/billa-dakait/Desktop/test/Features/slr/specific/bad/3.parquet,110,110,3636,0.785872844204861,0,
5,/home/billa-dakait/Desktop/test/Features/slr/specific/bad/5.parquet,101,101,3336,0.807879928437149,0,
6,/home/billa-dakait/Desktop/test/Features/slr/specific/bad/6.parquet,106,106,3503,0.807124820789732,0,
8,/home/billa-dakait/Desktop/test/Features/slr/specific/bad/8.parquet,83,83,2736,0.805170207138521,0,
